id,name
AV13O1A8GV-KLJ3akUyj,Pink Friday: Roman Reloaded Re-Up (w/dvd)
AV14LG0R-jtxr-f38QfS,Lundberg Organic Cinnamon Toast Rice Cakes
AV16khLE-jtxr-f38VFn,K-Y Love Sensuality Pleasure Gel
AV1d76w7vKc47QAVhCqn,"J.R. Watkins Hand Cream, Lemon Cream"
AV1h6gSl-jtxr-f31p40,Ambi Complexion Cleansing Bar
AV1h6Gu0glJLPUi8IjA_,"Johnson's Baby Bubble Bath and Wash, 15oz"
AV1l8zRZvKc47QAVhnAv,Olay Regenerist Deep Hydration Regenerating Cream
AV1YGDqsGV-KLJ3adc-O,Windex Original Glass Cleaner Refill 67.6oz (2 Liter)
AV1YIch7GV-KLJ3addeG,"Heinz Tomato Ketchup, 38oz"
AV1YlENIglJLPUi8IHsX,Kind Dark Chocolate Chunk Gluten Free Granola Bars - 5 Count
AV1YmBrdGV-KLJ3adewb,"Pantene Color Preserve Volume Shampoo, 25.4oz"
AV1YmDL9vKc47QAVgr7_,"Aussie Aussome Volume Shampoo, 13.5 Oz"
AV1Ymf_rglJLPUi8II2v,Cars Toon: Mater's Tall Tales
AV1Yn94nvKc47QAVgtst,CeraVe SA Renewing Cream
AV1Ynb3bglJLPUi8IJxJ,Solo Foods Almond Paste
AV1YneDPglJLPUi8IJyQ,"Finish Quantum Dishwasher Detergent, Lemon Sparkle Scent, 45 Count"
AV1YnUMYglJLPUi8IJpK,Disney174 Jake And The Neverland Pirates 4 Piece Bedding Set - Toddler
AV1Yo6FPglJLPUi8IK3u,Pearhead Id Bracelet Frame
AV1YpiJvvKc47QAVguxy,Craft Punch Giga Scallop Circle 45 24687534 To 334
AV1YqAaMGV-KLJ3adiDj,"Neutrogena Wet Skin Sunscreen Spray Broad Spectrum SPF 50, 5oz"
AV1Ys0kTvKc47QAVgx1C,Meguiar's Deep Crystal Car Wash 64-Oz.
AV1YtGjdglJLPUi8IOfJ,"Banana Boat Sunless Summer Color Self Tanning Lotion, Light To Medium"
AV1ZSp2uglJLPUi8IQFy,"Cetaphil Gentle Skin Cleanser, 2oz"
AV1ZT7GLglJLPUi8IQLI,"Suave Professionals Hair Conditioner, Sleek"
AV1ZVIgy-jtxr-f31W9N,Bumble Bee Solid White Albacore In Water - 5 Oz
AV2AvGnjGV-KLJ3alTQH,Citrus Magic Instant Spot & Stain Remover
AV2Avn5dGV-KLJ3alTjq,La Tortilla Factory Hand Made Style Tortillas Flour
AV2BOOWS-jtxr-f39GPS,Black Sister's Revenge (dvd)
AVpe_5U_ilAPnD_xSrxG,Sea Gull Lighting Six Light Bath Sconce/vanity - Brushed Nickel
AVpe_dxlilAPnD_xSiHI,"The Seaweed Bath Co. Argan Conditioner, Smoothing Citrus"
AVpe_N91LJeJML43z4jD,"Way Basics 3-Shelf Eco Narrow Bookcase Storage Shelf, Espresso - Formaldehyde Free - Lifetime Guarantee"
AVpe_pDG1cnluZ0-bjSf,Bi-O-kleen Spray & Wipe All Purpose Cleaner
AVpe_y-I1cnluZ0-bmvh,Yes To Carrots Nourishing Body Wash
AVpe3_ikilAPnD_xPykq,Alberto VO5 Salon Series Smooth Plus Sleek Shampoo
AVpe31o71cnluZ0-YrSD,Dark Shadows (includes Digital Copy) (ultraviolet) (dvdvideo)
AVpe38Uy1cnluZ0-YuJR,Clambake (dvd)
AVpe41TqilAPnD_xQH3d,Mike Dave Need Wedding Dates (dvd + Digital)
AVpe4Bq81cnluZ0-YwTN,Sea Gull Lighting Ceiling Fan - White
AVpe4-GPLJeJML43xmuY,Progresso Traditional Meatball & Rice Soup
AVpe4hE0ilAPnD_xQABx,Herr's Baked Cheese Curls
AVpe4hlXLJeJML43xbrB,Hawaiian Punch Berry Limeade Blast Juice
AVpe4pnBilAPnD_xQDeb,Moom Express Pre Waxed Strips For Face & Bikini
AVpe59io1cnluZ0-ZgDU,My Big Fat Greek Wedding 2 (blu-Ray + Dvd + Digital)
AVpe5AMsLJeJML43xnku,King Ralph (dvd)
AVpe5c23LJeJML43xybi,Holmes174 Personal Indoor Heater W/ Manual Controls White 1500w Hfh131-N
AVpe5JOgilAPnD_xQPfE,The Script - No Sound Without Silence (cd)
AVpe5Mv4ilAPnD_xQQyy,"Beanitos Bean Chips, Simply Pinto Bean"
AVpe5s3RLJeJML43x4eA,Pantene Pro-V Expert Collection Age Defy Conditioner
AVpe5tC61cnluZ0-ZZ86,Greyson Vintage Industrial Occasional Cocktail Coffee Table - Antique Bronze - Baxton Studio
AVpe5ttZLJeJML43x4yO,Nature's Path Flax Plus Maple Pecan Crunch Cereal
AVpe5WElLJeJML43xv4b,Lite Source Basic Ii 1-Lt Floor Lamp - Dark Bronze
AVpe6_VI1cnluZ0-Z4do,"Sloan Royal Urinal Flush Valve, 1.0 Gpf, Royal 186-1"
AVpe625_ilAPnD_xQ4SP,Sunflower Swag With Metal Frame - Nearly Natural
AVpe6C3WLJeJML43yApY,Toy Story Kids' Woody Accessory Kit
AVpe6CHv1cnluZ0-ZhwN,Maranatha No Stir Raw Maple Almond Butter
AVpe6FfKilAPnD_xQmHi,Chex Muddy Buddies Brownie Supreme Snack Mix
AVpe6FpaLJeJML43yBuP,Sopranos:Season 6 Part 1 (blu-Ray)
AVpe6n2_LJeJML43yOgE,Tresemme Kertatin Smooth Infusing Conditioning
AVpe6PCDLJeJML43yFQH,Wagan Smartac 80watt Inverter With Usb
AVpe71Vk1cnluZ0-aL_Z,"Creme Of Nature Intensive Conditioning Treatment, 32"
AVpe78stLJeJML43ytOY,Arrid Extra Dry Anti-Perspirant Deodorant Spray Regular
AVpe7GIELJeJML43yZfu,Eagle Fat Free Sweetened Condensed Milk
AVpe7jB8LJeJML43yj91,"Pinaud Clubman Styling Gel, Superhold"
AVpe7JTHilAPnD_xQ_Cl,Wedding Wishes Wedding Guest Book
AVpe7sl91cnluZ0-aI1Y,Diet Canada Dry Ginger Ale - 12pk/12 Fl Oz Cans
AVpe7tA31cnluZ0-aI-r,Baxter Of California Cream Pomade
AVpe7zdzLJeJML43yp3d,Ragu Roasted Garlic Parmesan Pasta Sauce
AVpe8dHWLJeJML43y4uG,Sabre 2 Pack Door And Window Alarm
AVpe8gsILJeJML43y6Ed,"Pendaflex174 Divide It Up File Folder, Multi Section, Letter, Assorted, 12/pack"
AVpe8q4T1cnluZ0-afct,"Newman's Own Organics Licorice Twist, Black 5oz"
AVpe8xjUilAPnD_xRkxC,The Honest Company Laundry Detergent
AVpe9vHs1cnluZ0-a4TU,Plano Mini-Magnum 13-Compartment Tackle Box
AVpe9W4D1cnluZ0-avf0,Hoover174 Platinum Collection153 Lightweight Bagged Upright Vacuum With Canister - Uh30010com
AVpe-ltS1cnluZ0-bL8w,Stander Pt Bedcane - Bed Handle
AVpe-M4-ilAPnD_xSF1K,Calvin Klein Secret Obsession Eau De Parfum
AVpe-MCY1cnluZ0-bCv_,"Wallmount Server Cabinet (450mm, 9 RU)"
AVpe-PJnLJeJML43ziaj,Happy Tot Apple and Butternut Squash
AVpe-YAL1cnluZ0-bHGh,Udi's Pepperoni Pizza
AVpf_rYe1cnluZ0-ut8Y,"Better Built 74010862 Bet74010862 60In Crossover Two Lid, Deep, Truck Tool Box"
AVpf0eb2LJeJML43EVSt,The Resident Evil Collection 5 Discs (blu-Ray)
AVpf0kZFilAPnD_xi5QZ,Annie's Homegrown Gluten Free Double Chocolate Chip Granola Bars
AVpf0O60ilAPnD_xizE6,"Super Poligrip Denture Adhesive Cream, Ultra Fresh - 2.4 Oz"
AVpf0pfrilAPnD_xi6s_,Nearly Natural 5.5' Bamboo W/decorative Planter
AVpf0thK1cnluZ0-r8vR,100:Complete First Season (blu-Ray)
AVpf0YhQLJeJML43ETff,"Australian Gold Exotic Blend Lotion, SPF 4"
AVpf1pwXLJeJML43EqpT,"Colorganics Lipstick, Cayenne"
AVpf1ryk1cnluZ0-sONd,Germ Guardian174 Elite 3-In-1 Pet Pure True Hepa Air Purifier Ac4300bptca
AVpf2tw1ilAPnD_xjflC,Red (special Edition) (dvdvideo)
AVpf385g1cnluZ0-s0_t,"Hormel Chili, No Beans"
AVpf3okQLJeJML43FMif,Tai Pei Sweet & Sour Chicken
AVpf3VOfilAPnD_xjpun,Clorox Disinfecting Wipes Value Pack Scented 150 Ct Total
AVpf4oLxLJeJML43FcxC,"Avery174 Ready Index Contemporary Table Of Contents Divider, 1-8, Multi, Letter"
AVpf4WWN1cnluZ0-s7Wj,Chips Deluxe Soft 'n Chewy Cookies
AVpf5CnILJeJML43FjaU,"WeatherTech 40647 14-15 Outlander Cargo Liners Behind 2nd Row, Black"
AVpf5FF71cnluZ0-tHAV,Orajel Maximum Strength Toothache Pain Relief Liquid
AVpf5olc1cnluZ0-tPrO,Chester's Cheese Flavored Puffcorn Snacks
AVpf5ujMilAPnD_xkQVi,D-Con Mice Bait Station - 3ct
AVpf5Z1zLJeJML43FpB-,"Lysol Concentrate Deodorizing Cleaner, Original Scent"
AVpf5ZcH1cnluZ0-tL9V,Coola Organic Sunscreen Classic Face Cucumber SPF 30
AVpf63aJLJeJML43F__Q,"Burt's Bees Lip Shimmer, Raisin"
AVpf7aUAilAPnD_xkqbP,SC Johnson One Step No Buff Wax
AVpf7fFbilAPnD_xkrmW,"Simple Green All-Purpose Cleaner, 16oz"
AVpf7HOwilAPnD_xkl3L,Wilton Black Dots Standard Baking Cups
AVpf7I3i1cnluZ0-tnL6,Mrs. Meyer's174 Lemon Verbena Laundry Scent Booster - 18oz
AVpf7LysilAPnD_xkm9G,Cuisinart174 Electric Juicer - Stainless Steel Cje-1000
AVpf8AoBilAPnD_xkzJ2,Avery174 11-1/4 X 9-1/4 Index Maker Extra Wide Label Dividers With 5 Tab - Clear (5 Sets Per Pack)
AVpf9_3MLJeJML43GvdB,"Iman Second To None Stick Foundation, Clay 1"
AVpf99c6LJeJML43Gu3K,Romantic Drama: Greatest Classic Films Collection 2 Discs
AVpf9pzn1cnluZ0-uNTM,"Lundberg Wehani Rice, 25lb"
AVpf9UGp1cnluZ0-uITX,Post Bound Jumbo Album - Burgundy (11x14)
AVpfa1joLJeJML4385hb,Stonyfield Yobaby Peach & Pear Yogurt 4oz 6 Ct
AVpfA5BeLJeJML430eOi,Charcoal Stone Toothbrush Holder Gray
AVpfAgSp1cnluZ0-b2-K,"Bounce Dryer Sheets, Fresh Linen, 160 sheets"
AVpfAkX91cnluZ0-b4d8,"L'oreal Paris Visible Lift Smooth Absolute, Natural Buff"
AVpfazX31cnluZ0-kbdl,"Just For Men Touch Of Gray Gray Hair Treatment, Black T-55"
AVpfBeN6LJeJML430rrn,Roommates No Place Like Home Peel Stick Wall Decals
AVpfbjraLJeJML439F91,Pocket Watch Wall Clock Distressed Black - Yosemite Home Decor174
AVpfbkyr1cnluZ0-kozI,Kraus FVS-1007 Single Hole Vessel Bathroom Faucet from the Ramus Collection
AVpfBO2vLJeJML430mGh,Mill Creek Aloe Vera & Paba Lotion
AVpfBpnEilAPnD_xTUBx,"All,bran Complete Wheat Flakes, 18 Oz."
AVpfbpzd1cnluZ0-kqJV,Clorox Ultimate Care Premium Bleach
AVpfbraG1cnluZ0-kqnn,Kind Nut Delight Bar
AVpfBrUZilAPnD_xTUly,"Coty Airspun Face Powder, Translucent Extra Coverage"
AVpf-bS61cnluZ0-uZcq,Nature's Path Chunky Chocolate Peanut Chewy Granola Bars
AVpfBSJgilAPnD_xTLf3,Axe Dry Anti-Perspirant Deodorant Invisible Solid Phoenix
AVpfBU2S1cnluZ0-cJsO,Power Crunch Protein Energy Bar Peanut Butter Creme Original
AVpfBuqY1cnluZ0-cTBI,"42 Dual Drop Leaf Table with 2 Madrid Chairs"""
AVpfBwE4ilAPnD_xTWO1,"Smead174 Recycled Letter Size Manila File Backs W/prong Fasteners, 2 Capacity, 100/box"
AVpfC3KoLJeJML431KRR,Nearly Natural Pothos Ledge Plant (set On Foam) Silk Plant
AVpfCi3kilAPnD_xTn3k,Little Bedding By Nojo Jungle Dreams 2 Pack Sheet Set
AVpfCjEEilAPnD_xTn75,Sizzix Framelits Dies 1by Tim Holtz Bird Crazy-Silver Asst Sizes
AVpfcu821cnluZ0-k8ep,Vaseline Intensive Care Lip Therapy Cocoa Butter
AVpfCuzrilAPnD_xTroT,Tostitos Simply Blue Corn Tortilla Chips
AVpfCvKt1cnluZ0-cpI2,Starbucks153 Doubleshot Protein Coffee - 11 Fl Oz
AVpfCy9b1cnluZ0-cqWS,Bill Glor Gaither - Church In The Wildwood (cd)
AVpfD_NRilAPnD_xUG56,"RC Cola, 12oz"
AVpfD9xTLJeJML431ig2,There's Something About Mary (dvd)
AVpfDA6wilAPnD_xTxdg,Head & Shoulders Dandruff Shampoo Ocean Lift 2 In 1
AVpfDbSP1cnluZ0-c3wo,Scotty Mini Double Ended Extender
AVpfddjcLJeJML439loo,Elvis Presley - Girl Happy (cd)
AVpfDflP1cnluZ0-c5RJ,Kenroy Home Table Lamp - Chrome
AVpfDI3xilAPnD_xTz-k,Black Front Loading Frame Set (8.5x11) Set Of 12
AVpfDiTDLJeJML431Y21,"Dermalogica Special Cleansing Gel, 8.4oz"
AVpfdYUZilAPnD_xcHuK,"L'oreal Paris Colour Caresse Wet Shine Stain, Pink Resistance"
AVpfe3On1cnluZ0-lgn5,Doc Mcstuffins: Friendship Is The Best Medicine
AVpfE5UF1cnluZ0-dY1N,"Smead174 3-In-1 Supertab Section Folders, 1/3 Cut Top Tab, Letter, Assorted, 12/pack"
AVpfE7puilAPnD_xUcCW,Bilbao Nightstand Gray Oak - South Shore
AVpfELcXLJeJML431naf,Africa's Best No-Lye Dual Conditioning Relaxer System Super
AVpfEqFbilAPnD_xUV28,Tramontina Ceramica 10 Piece Cookware Set - Red
AVpfEqruilAPnD_xUWDr,"Newman's Own Balsamic Vinaigrette, 16.0oz"
AVpfErGsLJeJML431yRX,"Carson-Dellosa Publishing Photographic Learning Cards Boxed Set, Nouns/verbs/adjectives, Grades K-12"
AVpfewoLilAPnD_xcfgU,Home Health Hairever Shampoo
AVpfF7k8ilAPnD_xUyWf,Lite Source Reiko 1 Light Table Lamp - Orange
AVpfFGqP1cnluZ0-ddjG,Sea Gull Lighting One Light Wall/bath/vanity-Brushed Nickel
AVpfFs_1ilAPnD_xUtRm,J.a. Henckels International 4-Pc Everedge Plus Steak Knife Set
AVpfFTpK1cnluZ0-diMS,Olay Moisturizing Lotion For Sensitive Skin
AVpfFymYilAPnD_xUvMh,"Kikkoman Soy Sauce, 5fl oz"
AVpfG_ujilAPnD_xVI8L,Kohler 10280-4 Fort Bath Spout With Sculpted Lift Rod and 1/2-in NPT Connection
AVpfGRUHilAPnD_xU5nU,Naturtint Nutrideep Multiplier Protective Cream
AVpf-GsfLJeJML43GxG4,Gain Original Scent Liquid Fabric Softener 129 Oz
AVpfGTRQLJeJML432WYA,"Burt's Bees Lip Shimmer, Watermelon"
AVpfGuDrLJeJML432fDz,Pleasant Hearth Diamond Fireplace Screen - Espresso
AVpfgvkJLJeJML43-g1y,Scooby Doo And The Loch Ness Monster (blu-Ray)
AVpfh1gsilAPnD_xdX_S,Cal Lighting Led Dark Bronze Finish Metal Piano Lamp
AVpfH2Rx1cnluZ0-eYtu,Lynk Professional174 Pull Out Cutting Board Bakeware Sliding Cabinet Organizer
AVpfHf4wLJeJML432vqK,Trend Lab Park Nursing Cover - Paisley
AVpfHI2filAPnD_xVL7R,L'oreal Paris Advanced Hairstyle Boost It High Lift Creation Spray
AVpfhpNkilAPnD_xdUZz,Plum Organics Just Prunes
AVpfhxaELJeJML43-zsM,"Batherapy Natural Mineral Bath Sport Liquid, 16 oz"
AVpfHZMxLJeJML432tfs,"Candy Pink Plastic Cups, 20 pk"
AVpfi79RLJeJML43_Jo0,Various - Country's Greatest Gospel:Gold Ed (cd)
AVpfifml1cnluZ0-mjSb,JNH Lifestyles Goldstar 3 Person FAR Infrared Sauna
AVpfIfnYilAPnD_xVpGi,Soothing Touch Lemon Cardamom Vegan Lip Balm .25 Oz
AVpfIGFeLJeJML4328YR,"2x Ultra Era with Oxi Booster, 50fl oz"
AVpfIN84LJeJML432_D9,Every Man Jack Pomade Signature Mint Scent
AVpfIOoV1cnluZ0-ehGp,Reebok Classic Leather Running Shoes - White (Men)
AVpfiRY_LJeJML43-8p9,Annie's Homegrown Deluxe Elbows & Four Cheese Sauce
AVpfiUrfLJeJML43-9nY,Delta Single Handle Shower Faucet
AVpfIvbgLJeJML433Kph,"Ogx Conditioner, Hydrating Teatree Mint"
AVpfjauJLJeJML43_TKe,"Physicians Formula Mineral Wear Talc-Free Mineral Correcting Powder, Creamy Natural"
AVpfJcHuLJeJML433ZrY,Equals (blu-Ray)
AVpfJCq51cnluZ0-ey-L,Weleda Everon Lip Balm
AVpfjHuw1cnluZ0-mvrX,Fiskars174 Classic Stick Rotary Cutter (45 Mm)
AVpfJP1C1cnluZ0-e3Xy,Clorox Disinfecting Bathroom Cleaner
AVpfk4y7ilAPnD_xeTgd,"BRIDGESTONE 130/70ZR18M/C(63W)FRONT EXEDRA G851, CRUISER RADL"
AVpf-k78LJeJML43G4qN,Metzeler ME888 Marathon Ultra Custom Touring Front Tire 100/90-19
AVpfKa3uilAPnD_xWSGx,Fantasy Fields Lil' Sports Fan Step Stool - Teamson
AVpfkak01cnluZ0-nJj6,Starbucks Iced Expresso Classics Vanilla Latte Coffee Beverage - 40oz
AVpfKb8k1cnluZ0-fQdA,Head & Shoulders Classic Clean Conditioner
AVpfKhuv1cnluZ0-fSVr,Blue Anchor Design Throw Pillow (18x18) - Rizzy Home
AVpfkIiYilAPnD_xeEjr,Kendall Comforter And Sheet Set (twin) Aqua - 7pc
AVpfKOYiilAPnD_xWOFw,"Tree Hut Shea Body Butters, Coconut Lime, 7 oz"
AVpfkQkcLJeJML43_kEC,Cococare 100% Natural Castor Oil
AVpfksililAPnD_xePx_,Pacific Natural Foods Organic Beef Broth
AVpfl6baLJeJML43AEQq,Honeywell Heatbud Ceramic Heater Black
AVpfl6sF1cnluZ0-nmwC,"Jergens Extra Moisturizing Liquid Hand Wash, 7.5oz"
AVpfldDlLJeJML43_7s_,Lay's Salt & Vinegar Flavored Potato Chips
AVpflENxilAPnD_xeXFF,Noosa Honey Yogurt
AVpfliCoilAPnD_xegIr,0.6 Cu. Ft. Letter A4 Size Waterproof 30 Min. Fire File Chest
AVpf-lMV1cnluZ0-ub0_,If A Man Answers (dvd)
AVpfLnfPLJeJML434HpK,"Pleasant Hearth 1,800 sq ft Wood Burning Stove with Blower, Medium, LWS-127201"
AVpfluP1ilAPnD_xejxO,Stacy's Simply Naked Bagel Chips
AVpfL-z9ilAPnD_xWzE_,Stacy's Garden Veggie Medley Pita Chips
AVpfM_ytilAPnD_xXIJb,Tostitos Bite Size Tortilla Chips
AVpfm8yiLJeJML43AYyu,Nexxus Exxtra Gel Style Creation Sculptor
AVpfmjXGLJeJML43AQ5_,Hollywood Beauty Olive Cholesterol
AVpfml2VilAPnD_xe0m6,Southern Enterprises Archer Fold-Away Home Bar in Walnut
AVpfMpZ51cnluZ0-f_L9,Chips Ahoy! Original Chocolate Chip - Cookies - Family Size 18.2oz
AVpfmVnVLJeJML43AMqC,4C Grated Parmesan Cheese 100% Natural 8oz Shaker
AVpfN6Z71cnluZ0-gZmO,"Caress Moisturizing Body Bar Natural Silk, 4.75oz"
AVpfNc9cLJeJML434tza,Feit 60-Watt A19 Gu24 Base Led Light Bulb - Soft White
AVpfNfEMLJeJML434uf-,Heiress (dvd)
AVpfNglu1cnluZ0-gQ7x,Mia Shower Curtain Green/brown - Lush Decor174
AVpfnjBILJeJML43AkO3,Progresso Traditional Chicken Tuscany Soup
AVpfnRuSilAPnD_xfB8l,Yes To Grapefruit Rejuvenating Body Wash
AVpfnS4eLJeJML43AfZe,Progresso Light Vegetable & Noodle Soup
AVpfnUcwLJeJML43Af2U,Maybelline Clean Express! Makeup Removing Lotion
AVpfNVsj1cnluZ0-gNQN,"Physicians Formula Powder Palette Mineral Glow Pearls, Translucent Pearl"
AVpfNWbPilAPnD_xXPR7,"Pleasant Hearth 7.5 Steel Grate, 30 5 Bar - Black"
AVpfO5u71cnluZ0-guiN,Switchmas (dvd)
AVpf--o9LJeJML43G_Fq,Vaseline Intensive Care Healthy Hands Stronger Nails
AVpfOfIqLJeJML435D06,Solo Foods Poppy Seed Cake and Pastry Filling
AVpfOIrkilAPnD_xXgDG,Alex Cross (dvdvideo)
AVpfOmKwLJeJML435GM7,Clear Scalp & Hair Therapy Total Care Nourishing Shampoo
AVpfOrD0ilAPnD_xXrRj,Progresso Traditional Chicken Rice With Vegetables Soup
AVpfoSS51cnluZ0-oVH9,Cheetos Crunchy Flamin' Hot Cheese Flavored Snacks
AVpfov9TLJeJML43A7B0,Bisquick Original Pancake And Baking Mix - 40oz
AVpfozgyilAPnD_xfe0r,Olivella Bar Soap - 3.52 Oz
AVpfPaoqLJeJML435Xk9,Godzilla 3d Includes Digital Copy Ultraviolet 3d/2d Blu-Ray/dvd
AVpfPjqKLJeJML435aZR,Voortman Sugar Free Fudge Chocolate Chip Cookies
AVpfPkrkilAPnD_xX-L9,"Finish Gelpacs Dishwasher Detergent, Orange Scent, 84ct"
AVpfPKzxLJeJML435SYL,Tim Holtz Retractable Craft Pick-Red 6x.5
AVpfpM2yilAPnD_xfmDG,Ragu Traditional Pasta Sauce
AVpfPnrU1cnluZ0-g9rL,Stargate (ws) (ultimate Edition) (director's Cut) (dvdvideo)
AVpfpoUCLJeJML43BLXv,"Iman Luxury Moisturizing Lipstick, Black Brandy 006"
AVpfPPkEilAPnD_xX3cP,"Aveeno Baby Continuous Protection Lotion Sunscreen with Broad Spectrum SPF 55, 4oz"
AVpfP-rELJeJML435jEN,5302050 15/16 FCT/HOSE ADAPTOR
AVpfPx6V1cnluZ0-hA5y,"Ben & Jerry's Coffee, Coffee Buzzbuzzbuzz! Ice Cream, Pint"
AVpfQtEm1cnluZ0-hUpe,Jolly Time Select Premium Yellow Pop Corn
AVpfqW4WilAPnD_xf7a_,Leslie Sansone:Belly Blasting Walk (dvd)
AVpfr5cb1cnluZ0-pZFp,Boraam Sonoma Kitchen Cart With Wire Brush Gray - Maaya Home
AVpfR5m0LJeJML436K3W,Jason Aldean - They Don't Know
AVpfRE4tilAPnD_xYdo_,Ogx Anti-breakage Keratin Oil 3 Minute Miraculous Recovery
AVpfrFDZLJeJML43Bmv0,Meguiar's Ultimate Quik Detailer 22-Oz.
AVpfrfHF1cnluZ0-pRai,Care Free Curl Gold Instant Activator
AVpfrgjFLJeJML43BvCc,Spam Single Classic
AVpfRkzN1cnluZ0-hmnu,"Smead174 2 1/4 Inch Accordion Expansion Wallet, Poly, Letter, Translucent Green"
AVpfRM8dLJeJML4358wT,Cantu Coconut Milk Shine Hold Mist - 8oz
AVpfRoqcLJeJML436FqG,"Vicks Vaporub, Regular, 3.53oz"
AVpfRTh1ilAPnD_xYic2,Planes: Fire Rescue (2 Discs) (includes Digital Copy) (blu-Ray/dvd)
AVpfrTyiLJeJML43BrSI,Various Artists - Choo Choo Soul (cd)
AVpfRxSkilAPnD_xYrzm,High-Dome Floor Door Stop
AVpfRYbSilAPnD_xYkD4,"Shea Moisture Mango & Carrot Kids Extra-Nourishing Conditioner, 8fl Oz"
AVpfs0tUilAPnD_xgqN2,Ceiling Fan With Light White 14.2 X 29.9 X 9.2 - Hunter Fan
AVpfSFDo1cnluZ0-hwjT,Concept Housewares 36 Natural Wood ceiling mounted pot rack
AVpfshNsLJeJML43CB8q,Tostitos Original Restaurant Style Tortilla Chips
AVpfsQoeilAPnD_xgfx5,Walkers Stem Ginger Shortbread
AVpfSvmGilAPnD_xY_gE,Barielle Nail Rebuilding Protein
AVpfthSailAPnD_xg3ON,"Musselman Apple Sauce, Cinnamon, 48oz"
AVpftikC1cnluZ0-p31V,"Storkcraft Tuscany Glider and Ottoman, Beige Cushions, Espresso Finish"
AVpfTVkcilAPnD_xZLts,Queen Helene Cocoa Butter Solid
AVpftymALJeJML43CZ6y,"Bodycology Nourishing Body Cream, Pretty In Paris"
AVpfUCiPilAPnD_xZai4,Sea Gull Lighting Holman One Light Wall/bath Sconce - Brushed Nickel
AVpfUJu_ilAPnD_xZdDr,Chobani174 Strawberry On The Bottom Non-Fat Greek Yogurt - 5.3oz
AVpfUN2nilAPnD_xZeY3,Meguiars Interior Detailer Wipes 25ct
AVpfUQZjilAPnD_xZfOU,Bedtime Originals Pinkie Musical Mobile
AVpfv4TlilAPnD_xhjNS,Various - Red Hot Blue:Tribute To Cole Porter (cd)
AVpfvieo1cnluZ0-qdnu,L'oreal Paris Advanced Hairstyle TXT IT Hyper-Fix Putty
AVpfVMhR1cnluZ0-ixY8,2017-2018 Brownline174 Duraflex 14-Month Planner 8 1/2 X 11 Black
AVpfVPh3ilAPnD_xZzW9,Mrs. Meyer's Lemon Verbena Surface Scrub
AVpfW8y_LJeJML437ySW,L'or233al Paris Elvive Extraordinary Clay Rebalancing Conditioner - 12.6 Fl Oz
